ID,name,pattern,creationTimestamp,numberOfCalls,lastCallTimestamp
1,Bloque82204,+3482204**,1753992822244,0,
2,Bloque82204_noCC,82204**,1753992823244,0,
3,Bloque82209,+3482209**,1753992824244,0,
4,Bloque82209_noCC,82209**,1753992825244,0,
5,Bloque82225,+3482225**,1753992826244,0,
6,Bloque82225_noCC,82225**,1753992827244,0,
7,Bloque82229,+3482229**,1753992828244,0,
8,Bloque82229_noCC,82229**,1753992829244,0,
9,Bloque82231,+3482231**,1753992830244,0,
10,Bloque82231_noCC,82231**,1753992831244,0,
11,Bloque82235,+3482235**,1753992832244,0,
12,Bloque82235_noCC,82235**,1753992833244,0,
13,Bloque82261,+3482261**,1753992834244,0,
14,Bloque82261_noCC,82261**,1753992835244,0,
15,Bloque82465,+3482465**,1753992836244,0,
16,Bloque82465_noCC,82465**,1753992837244,0,
17,Bloque82573,+3482573**,1753992838244,0,
18,Bloque82573_noCC,82573**,1753992839244,0,
19,Bloque82578,+3482578**,1753992840244,0,
20,Bloque82578_noCC,82578**,1753992841244,0,
21,Bloque82804,+3482804**,1753992842244,0,
22,Bloque82804_noCC,82804**,1753992843244,0,
23,Bloque82805,+3482805**,1753992844244,0,
24,Bloque82805_noCC,82805**,1753992845244,0,
25,Bloque82807,+3482807**,1753992846244,0,
26,Bloque82807_noCC,82807**,1753992847244,0,
27,Bloque82812,+3482812**,1753992848244,0,
28,Bloque82812_noCC,82812**,1753992849244,0,
29,Bloque82813,+3482813**,1753992850244,0,
30,Bloque82813_noCC,82813**,1753992851244,0,
31,Bloque82814,+3482814**,1753992852244,0,
32,Bloque82814_noCC,82814**,1753992853244,0,
33,Bloque82819,+3482819**,1753992854244,0,
34,Bloque82819_noCC,82819**,1753992855244,0,
35,Bloque82878,+3482878**,1753992856244,0,
36,Bloque82878_noCC,82878**,1753992857244,0,
37,Bloque84282,+3484282**,1753992858244,0,
38,Bloque84282_noCC,84282**,1753992859244,0,
39,Bloque84363,+3484363**,1753992860244,0,
40,Bloque84363_noCC,84363**,1753992861244,0,
41,Bloque84369,+3484369**,1753992862244,0,
42,Bloque84369_noCC,84369**,1753992863244,0,
43,Bloque84398,+3484398**,1753992864244,0,
44,Bloque84398_noCC,84398**,1753992865244,0,
45,Bloque84661,+3484661**,1753992866244,0,
46,Bloque84661_noCC,84661**,1753992867244,0,
47,Bloque84666,+3484666**,1753992868244,0,
48,Bloque84666_noCC,84666**,1753992869244,0,
49,Bloque84841,+3484841**,1753992870244,0,
50,Bloque84841_noCC,84841**,1753992871244,0,
51,Bloque84847,+3484847**,1753992872244,0,
52,Bloque84847_noCC,84847**,1753992873244,0,
53,Bloque84863,+3484863**,1753992874244,0,
54,Bloque84863_noCC,84863**,1753992875244,0,
55,Bloque85091,+3485091**,1753992876244,0,
56,Bloque85091_noCC,85091**,1753992877244,0,
57,Bloque85183,+3485183**,1753992878244,0,
58,Bloque85183_noCC,85183**,1753992879244,0,
59,Bloque85381,+3485381**,1753992880244,0,
60,Bloque85381_noCC,85381**,1753992881244,0,
61,Bloque85452,+3485452**,1753992882244,0,
62,Bloque85452_noCC,85452**,1753992883244,0,
63,Bloque85453,+3485453**,1753992884244,0,
64,Bloque85453_noCC,85453**,1753992885244,0,
65,Bloque85455,+3485455**,1753992886244,0,
66,Bloque85455_noCC,85455**,1753992887244,0,
67,Bloque85457,+3485457**,1753992888244,0,
68,Bloque85457_noCC,85457**,1753992889244,0,
69,Bloque85460,+3485460**,1753992890244,0,
70,Bloque85460_noCC,85460**,1753992891244,0,
71,Bloque85467,+3485467**,1753992892244,0,
72,Bloque85467_noCC,85467**,1753992893244,0,
73,Bloque85470,+3485470**,1753992894244,0,
74,Bloque85470_noCC,85470**,1753992895244,0,
75,Bloque85480,+3485480**,1753992896244,0,
76,Bloque85480_noCC,85480**,1753992897244,0,
77,Bloque85481,+3485481**,1753992898244,0,
78,Bloque85481_noCC,85481**,1753992899244,0,
79,Bloque85482,+3485482**,1753992900244,0,
80,Bloque85482_noCC,85482**,1753992901244,0,
81,Bloque85604,+3485604**,1753992902244,0,
82,Bloque85604_noCC,85604**,1753992903244,0,
83,Bloque85615,+3485615**,1753992904244,0,
84,Bloque85615_noCC,85615**,1753992905244,0,
85,Bloque85619,+3485619**,1753992906244,0,
86,Bloque85619_noCC,85619**,1753992907244,0,
87,Bloque85624,+3485624**,1753992908244,0,
88,Bloque85624_noCC,85624**,1753992909244,0,
89,Bloque85666,+3485666**,1753992910244,0,
90,Bloque85666_noCC,85666**,1753992911244,0,
91,Bloque85670,+3485670**,1753992912244,0,
92,Bloque85670_noCC,85670**,1753992913244,0,
93,Bloque85671,+3485671**,1753992914244,0,
94,Bloque85671_noCC,85671**,1753992915244,0,
95,Bloque85683,+3485683**,1753992916244,0,
96,Bloque85683_noCC,85683**,1753992917244,0,
97,Bloque85691,+3485691**,1753992918244,0,
98,Bloque85691_noCC,85691**,1753992919244,0,
99,Bloque85692,+3485692**,1753992920244,0,
100,Bloque85692_noCC,85692**,1753992921244,0,
101,Bloque85762,+3485762**,1753992922244,0,
102,Bloque85762_noCC,85762**,1753992923244,0,
103,Bloque85763,+3485763**,1753992924244,0,
104,Bloque85763_noCC,85763**,1753992925244,0,
105,Bloque85780,+3485780**,1753992926244,0,
106,Bloque85780_noCC,85780**,1753992927244,0,
107,Bloque85812,+3485812**,1753992928244,0,
108,Bloque85812_noCC,85812**,1753992929244,0,
109,Bloque85881,+3485881**,1753992930244,0,
110,Bloque85881_noCC,85881**,1753992931244,0,
111,Bloque85882,+3485882**,1753992932244,0,
112,Bloque85882_noCC,85882**,1753992933244,0,
113,Bloque85895,+3485895**,1753992934244,0,
114,Bloque85895_noCC,85895**,1753992935244,0,
115,Bloque85898,+3485898**,1753992936244,0,
116,Bloque85898_noCC,85898**,1753992937244,0,
117,Bloque85899,+3485899**,1753992938244,0,
118,Bloque85899_noCC,85899**,1753992939244,0,
119,Bloque85991,+3485991**,1753992940244,0,
120,Bloque85991_noCC,85991**,1753992941244,0,
121,Bloque86091,+3486091**,1753992942244,0,
122,Bloque86091_noCC,86091**,1753992943244,0,
123,Bloque86092,+3486092**,1753992944244,0,
124,Bloque86092_noCC,86092**,1753992945244,0,
125,Bloque86481,+3486481**,1753992946244,0,
126,Bloque86481_noCC,86481**,1753992947244,0,
127,Bloque86543,+3486543**,1753992948244,0,
128,Bloque86543_noCC,86543**,1753992949244,0,
129,Bloque86551,+3486551**,1753992950244,0,
130,Bloque86551_noCC,86551**,1753992951244,0,
131,Bloque86552,+3486552**,1753992952244,0,
132,Bloque86552_noCC,86552**,1753992953244,0,
133,Bloque86553,+3486553**,1753992954244,0,
134,Bloque86553_noCC,86553**,1753992955244,0,
135,Bloque86559,+3486559**,1753992956244,0,
136,Bloque86559_noCC,86559**,1753992957244,0,
137,Bloque86560,+3486560**,1753992958244,0,
138,Bloque86560_noCC,86560**,1753992959244,0,
139,Bloque86564,+3486564**,1753992960244,0,
140,Bloque86564_noCC,86564**,1753992961244,0,
141,Bloque86567,+3486567**,1753992962244,0,
142,Bloque86567_noCC,86567**,1753992963244,0,
143,Bloque86568,+3486568**,1753992964244,0,
144,Bloque86568_noCC,86568**,1753992965244,0,
145,Bloque86571,+3486571**,1753992966244,0,
146,Bloque86571_noCC,86571**,1753992967244,0,
147,Bloque86572,+3486572**,1753992968244,0,
148,Bloque86572_noCC,86572**,1753992969244,0,
149,Bloque86804,+3486804**,1753992970244,0,
150,Bloque86804_noCC,86804**,1753992971244,0,
151,Bloque86805,+3486805**,1753992972244,0,
152,Bloque86805_noCC,86805**,1753992973244,0,
153,Bloque86812,+3486812**,1753992974244,0,
154,Bloque86812_noCC,86812**,1753992975244,0,
155,Bloque86824,+3486824**,1753992976244,0,
156,Bloque86824_noCC,86824**,1753992977244,0,
157,Bloque86825,+3486825**,1753992978244,0,
158,Bloque86825_noCC,86825**,1753992979244,0,
159,Bloque86861,+3486861**,1753992980244,0,
160,Bloque86861_noCC,86861**,1753992981244,0,
161,Bloque86862,+3486862**,1753992982244,0,
162,Bloque86862_noCC,86862**,1753992983244,0,
163,Bloque86897,+3486897**,1753992984244,0,
164,Bloque86897_noCC,86897**,1753992985244,0,
165,Bloque87102,+3487102**,1753992986244,0,
166,Bloque87102_noCC,87102**,1753992987244,0,
167,Bloque87104,+3487104**,1753992988244,0,
168,Bloque87104_noCC,87104**,1753992989244,0,
169,Bloque87105,+3487105**,1753992990244,0,
170,Bloque87105_noCC,87105**,1753992991244,0,
171,Bloque87108,+3487108**,1753992992244,0,
172,Bloque87108_noCC,87108**,1753992993244,0,
173,Bloque87151,+3487151**,1753992994244,0,
174,Bloque87151_noCC,87151**,1753992995244,0,
175,Bloque87152,+3487152**,1753992996244,0,
176,Bloque87152_noCC,87152**,1753992997244,0,
177,Bloque87153,+3487153**,1753992998244,0,
178,Bloque87153_noCC,87153**,1753992999244,0,
179,Bloque87157,+3487157**,1753993000244,0,
180,Bloque87157_noCC,87157**,1753993001244,0,
181,Bloque87171,+3487171**,1753993002244,0,
182,Bloque87171_noCC,87171**,1753993003244,0,
183,Bloque87202,+3487202**,1753993004244,0,
184,Bloque87202_noCC,87202**,1753993005244,0,
185,Bloque87221,+3487221**,1753993006244,0,
186,Bloque87221_noCC,87221**,1753993007244,0,
187,Bloque87226,+3487226**,1753993008244,0,
188,Bloque87226_noCC,87226**,1753993009244,0,
189,Bloque87241,+3487241**,1753993010244,0,
190,Bloque87241_noCC,87241**,1753993011244,0,
191,Bloque87250,+3487250**,1753993012244,0,
192,Bloque87250_noCC,87250**,1753993013244,0,
193,Bloque87297,+3487297**,1753993014244,0,
194,Bloque87297_noCC,87297**,1753993015244,0,
195,Bloque87298,+3487298**,1753993016244,0,
196,Bloque87298_noCC,87298**,1753993017244,0,
197,Bloque87349,+3487349**,1753993018244,0,
198,Bloque87349_noCC,87349**,1753993019244,0,
199,Bloque87367,+3487367**,1753993020244,0,
200,Bloque87367_noCC,87367**,1753993021244,0,
201,Bloque87601,+3487601**,1753993022244,0,
202,Bloque87601_noCC,87601**,1753993023244,0,
203,Bloque87603,+3487603**,1753993024244,0,
204,Bloque87603_noCC,87603**,1753993025244,0,
205,Bloque87604,+3487604**,1753993026244,0,
206,Bloque87604_noCC,87604**,1753993027244,0,
207,Bloque87605,+3487605**,1753993028244,0,
208,Bloque87605_noCC,87605**,1753993029244,0,
209,Bloque87616,+3487616**,1753993030244,0,
210,Bloque87616_noCC,87616**,1753993031244,0,
211,Bloque87641,+3487641**,1753993032244,0,
212,Bloque87641_noCC,87641**,1753993033244,0,
213,Bloque87701,+3487701**,1753993034244,0,
214,Bloque87701_noCC,87701**,1753993035244,0,
215,Bloque87705,+3487705**,1753993036244,0,
216,Bloque87705_noCC,87705**,1753993037244,0,
217,Bloque87706,+3487706**,1753993038244,0,
218,Bloque87706_noCC,87706**,1753993039244,0,
219,Bloque87707,+3487707**,1753993040244,0,
220,Bloque87707_noCC,87707**,1753993041244,0,
221,Bloque87721,+3487721**,1753993042244,0,
222,Bloque87721_noCC,87721**,1753993043244,0,
223,Bloque87723,+3487723**,1753993044244,0,
224,Bloque87723_noCC,87723**,1753993045244,0,
225,Bloque88112,+3488112**,1753993046244,0,
226,Bloque88112_noCC,88112**,1753993047244,0,
227,Bloque88114,+3488114**,1753993048244,0,
228,Bloque88114_noCC,88114**,1753993049244,0,
229,Bloque88124,+3488124**,1753993050244,0,
230,Bloque88124_noCC,88124**,1753993051244,0,
231,Bloque88125,+3488125**,1753993052244,0,
232,Bloque88125_noCC,88125**,1753993053244,0,
233,Bloque88127,+3488127**,1753993054244,0,
234,Bloque88127_noCC,88127**,1753993055244,0,
235,Bloque88133,+3488133**,1753993056244,0,
236,Bloque88133_noCC,88133**,1753993057244,0,
237,Bloque88194,+3488194**,1753993058244,0,
238,Bloque88194_noCC,88194**,1753993059244,0,
239,Bloque88388,+3488388**,1753993060244,0,
240,Bloque88388_noCC,88388**,1753993061244,0,
241,Bloque88603,+3488603**,1753993062244,0,
242,Bloque88603_noCC,88603**,1753993063244,0,
243,Bloque88616,+3488616**,1753993064244,0,
244,Bloque88616_noCC,88616**,1753993065244,0,
245,Bloque88626,+3488626**,1753993066244,0,
246,Bloque88626_noCC,88626**,1753993067244,0,
247,Bloque88631,+3488631**,1753993068244,0,
248,Bloque88631_noCC,88631**,1753993069244,0,
249,Bloque92004,+3492004**,1753993070244,0,
250,Bloque92004_noCC,92004**,1753993071244,0,
251,Bloque92012,+3492012**,1753993072244,0,
252,Bloque92012_noCC,92012**,1753993073244,0,
253,Bloque92033,+3492033**,1753993074244,0,
254,Bloque92033_noCC,92033**,1753993075244,0,
255,Bloque92070,+3492070**,1753993076244,0,
256,Bloque92070_noCC,92070**,1753993077244,0,
257,Bloque92104,+3492104**,1753993078244,0,
258,Bloque92104_noCC,92104**,1753993079244,0,
259,Bloque92123,+3492123**,1753993080244,0,
260,Bloque92123_noCC,92123**,1753993081244,0,
261,Bloque92170,+3492170**,1753993082244,0,
262,Bloque92170_noCC,92170**,1753993083244,0,
263,Bloque92192,+3492192**,1753993084244,0,
264,Bloque92192_noCC,92192**,1753993085244,0,
265,Bloque92209,+3492209**,1753993086244,0,
266,Bloque92209_noCC,92209**,1753993087244,0,
267,Bloque92219,+3492219**,1753993088244,0,
268,Bloque92219_noCC,92219**,1753993089244,0,
269,Bloque92298,+3492298**,1753993090244,0,
270,Bloque92298_noCC,92298**,1753993091244,0,
271,Bloque92304,+3492304**,1753993092244,0,
272,Bloque92304_noCC,92304**,1753993093244,0,
273,Bloque92306,+3492306**,1753993094244,0,
274,Bloque92306_noCC,92306**,1753993095244,0,
275,Bloque92371,+3492371**,1753993096244,0,
276,Bloque92371_noCC,92371**,1753993097244,0,
277,Bloque92381,+3492381**,1753993098244,0,
278,Bloque92381_noCC,92381**,1753993099244,0,
279,Bloque92398,+3492398**,1753993100244,0,
280,Bloque92398_noCC,92398**,1753993101244,0,
281,Bloque92399,+3492399**,1753993102244,0,
282,Bloque92399_noCC,92399**,1753993103244,0,
283,Bloque92404,+3492404**,1753993104244,0,
284,Bloque92404_noCC,92404**,1753993105244,0,
285,Bloque92418,+3492418**,1753993106244,0,
286,Bloque92418_noCC,92418**,1753993107244,0,
287,Bloque92490,+3492490**,1753993108244,0,
288,Bloque92490_noCC,92490**,1753993109244,0,
289,Bloque92491,+3492491**,1753993110244,0,
290,Bloque92491_noCC,92491**,1753993111244,0,
291,Bloque92495,+3492495**,1753993112244,0,
292,Bloque92495_noCC,92495**,1753993113244,0,
293,Bloque92496,+3492496**,1753993114244,0,
294,Bloque92496_noCC,92496**,1753993115244,0,
295,Bloque92498,+3492498**,1753993116244,0,
296,Bloque92498_noCC,92498**,1753993117244,0,
297,Bloque92504,+3492504**,1753993118244,0,
298,Bloque92504_noCC,92504**,1753993119244,0,
299,Bloque92567,+3492567**,1753993120244,0,
300,Bloque92567_noCC,92567**,1753993121244,0,
301,Bloque92571,+3492571**,1753993122244,0,
302,Bloque92571_noCC,92571**,1753993123244,0,
303,Bloque92591,+3492591**,1753993124244,0,
304,Bloque92591_noCC,92591**,1753993125244,0,
305,Bloque92597,+3492597**,1753993126244,0,
306,Bloque92597_noCC,92597**,1753993127244,0,
307,Bloque92604,+3492604**,1753993128244,0,
308,Bloque92604_noCC,92604**,1753993129244,0,
309,Bloque92614,+3492614**,1753993130244,0,
310,Bloque92614_noCC,92614**,1753993131244,0,
311,Bloque92667,+3492667**,1753993132244,0,
312,Bloque92667_noCC,92667**,1753993133244,0,
313,Bloque92668,+3492668**,1753993134244,0,
314,Bloque92668_noCC,92668**,1753993135244,0,
315,Bloque92670,+3492670**,1753993136244,0,
316,Bloque92670_noCC,92670**,1753993137244,0,
317,Bloque92697,+3492697**,1753993138244,0,
318,Bloque92697_noCC,92697**,1753993139244,0,
319,Bloque92704,+3492704**,1753993140244,0,
320,Bloque92704_noCC,92704**,1753993141244,0,
321,Bloque92770,+3492770**,1753993142244,0,
322,Bloque92770_noCC,92770**,1753993143244,0,
323,Bloque92776,+3492776**,1753993144244,0,
324,Bloque92776_noCC,92776**,1753993145244,0,
325,Bloque92777,+3492777**,1753993146244,0,
326,Bloque92777_noCC,92777**,1753993147244,0,
327,Bloque92782,+3492782**,1753993148244,0,
328,Bloque92782_noCC,92782**,1753993149244,0,
329,Bloque92799,+3492799**,1753993150244,0,
330,Bloque92799_noCC,92799**,1753993151244,0,
331,Bloque92807,+3492807**,1753993152244,0,
332,Bloque92807_noCC,92807**,1753993153244,0,
333,Bloque92896,+3492896**,1753993154244,0,
334,Bloque92896_noCC,92896**,1753993155244,0,
335,Bloque92898,+3492898**,1753993156244,0,
336,Bloque92898_noCC,92898**,1753993157244,0,
337,Bloque94104,+3494104**,1753993158244,0,
338,Bloque94104_noCC,94104**,1753993159244,0,
339,Bloque94166,+3494166**,1753993160244,0,
340,Bloque94166_noCC,94166**,1753993161244,0,
341,Bloque94170,+3494170**,1753993162244,0,
342,Bloque94170_noCC,94170**,1753993163244,0,
343,Bloque94187,+3494187**,1753993164244,0,
344,Bloque94187_noCC,94187**,1753993165244,0,
345,Bloque94189,+3494189**,1753993166244,0,
346,Bloque94189_noCC,94189**,1753993167244,0,
347,Bloque94204,+3494204**,1753993168244,0,
348,Bloque94204_noCC,94204**,1753993169244,0,
349,Bloque94214,+3494214**,1753993170244,0,
350,Bloque94214_noCC,94214**,1753993171244,0,
351,Bloque94279,+3494279**,1753993172244,0,
352,Bloque94279_noCC,94279**,1753993173244,0,
353,Bloque94293,+3494293**,1753993174244,0,
354,Bloque94293_noCC,94293**,1753993175244,0,
355,Bloque94294,+3494294**,1753993176244,0,
356,Bloque94294_noCC,94294**,1753993177244,0,
357,Bloque94304,+3494304**,1753993178244,0,
358,Bloque94304_noCC,94304**,1753993179244,0,
359,Bloque94356,+3494356**,1753993180244,0,
360,Bloque94356_noCC,94356**,1753993181244,0,
361,Bloque94390,+3494390**,1753993182244,0,
362,Bloque94390_noCC,94390**,1753993183244,0,
363,Bloque94407,+3494407**,1753993184244,0,
364,Bloque94407_noCC,94407**,1753993185244,0,
365,Bloque94434,+3494434**,1753993186244,0,
366,Bloque94434_noCC,94434**,1753993187244,0,
367,Bloque94504,+3494504**,1753993188244,0,
368,Bloque94504_noCC,94504**,1753993189244,0,
369,Bloque94547,+3494547**,1753993190244,0,
370,Bloque94547_noCC,94547**,1753993191244,0,
371,Bloque94556,+3494556**,1753993192244,0,
372,Bloque94556_noCC,94556**,1753993193244,0,
373,Bloque94571,+3494571**,1753993194244,0,
374,Bloque94571_noCC,94571**,1753993195244,0,
375,Bloque94652,+3494652**,1753993196244,0,
376,Bloque94652_noCC,94652**,1753993197244,0,
377,Bloque94653,+3494653**,1753993198244,0,
378,Bloque94653_noCC,94653**,1753993199244,0,
379,Bloque94654,+3494654**,1753993200244,0,
380,Bloque94654_noCC,94654**,1753993201244,0,
381,Bloque94675,+3494675**,1753993202244,0,
382,Bloque94675_noCC,94675**,1753993203244,0,
383,Bloque94694,+3494694**,1753993204244,0,
384,Bloque94694_noCC,94694**,1753993205244,0,
385,Bloque94707,+3494707**,1753993206244,0,
386,Bloque94707_noCC,94707**,1753993207244,0,
387,Bloque94764,+3494764**,1753993208244,0,
388,Bloque94764_noCC,94764**,1753993209244,0,
389,Bloque94765,+3494765**,1753993210244,0,
390,Bloque94765_noCC,94765**,1753993211244,0,
391,Bloque94772,+3494772**,1753993212244,0,
392,Bloque94772_noCC,94772**,1753993213244,0,
393,Bloque94782,+3494782**,1753993214244,0,
394,Bloque94782_noCC,94782**,1753993215244,0,
395,Bloque94799,+3494799**,1753993216244,0,
396,Bloque94799_noCC,94799**,1753993217244,0,
397,Bloque94804,+3494804**,1753993218244,0,
398,Bloque94804_noCC,94804**,1753993219244,0,
399,Bloque94891,+3494891**,1753993220244,0,
400,Bloque94891_noCC,94891**,1753993221244,0,
401,Bloque94898,+3494898**,1753993222244,0,
402,Bloque94898_noCC,94898**,1753993223244,0,
403,Bloque94904,+3494904**,1753993224244,0,
404,Bloque94904_noCC,94904**,1753993225244,0,
405,Bloque94912,+3494912**,1753993226244,0,
406,Bloque94912_noCC,94912**,1753993227244,0,
407,Bloque94916,+3494916**,1753993228244,0,
408,Bloque94916_noCC,94916**,1753993229244,0,
409,Bloque94971,+3494971**,1753993230244,0,
410,Bloque94971_noCC,94971**,1753993231244,0,
411,Bloque94987,+3494987**,1753993232244,0,
412,Bloque94987_noCC,94987**,1753993233244,0,
413,Bloque95004,+3495004**,1753993234244,0,
414,Bloque95004_noCC,95004**,1753993235244,0,
415,Bloque95065,+3495065**,1753993236244,0,
416,Bloque95065_noCC,95065**,1753993237244,0,
417,Bloque95071,+3495071**,1753993238244,0,
418,Bloque95071_noCC,95071**,1753993239244,0,
419,Bloque95092,+3495092**,1753993240244,0,
420,Bloque95092_noCC,95092**,1753993241244,0,
421,Bloque95093,+3495093**,1753993242244,0,
422,Bloque95093_noCC,95093**,1753993243244,0,
423,Bloque95095,+3495095**,1753993244244,0,
424,Bloque95095_noCC,95095**,1753993245244,0,
425,Bloque95108,+3495108**,1753993246244,0,
426,Bloque95108_noCC,95108**,1753993247244,0,
427,Bloque95113,+3495113**,1753993248244,0,
428,Bloque95113_noCC,95113**,1753993249244,0,
429,Bloque95123,+3495123**,1753993250244,0,
430,Bloque95123_noCC,95123**,1753993251244,0,
431,Bloque95124,+3495124**,1753993252244,0,
432,Bloque95124_noCC,95124**,1753993253244,0,
433,Bloque95125,+3495125**,1753993254244,0,
434,Bloque95125_noCC,95125**,1753993255244,0,
435,Bloque95133,+3495133**,1753993256244,0,
436,Bloque95133_noCC,95133**,1753993257244,0,
437,Bloque95135,+3495135**,1753993258244,0,
438,Bloque95135_noCC,95135**,1753993259244,0,
439,Bloque95138,+3495138**,1753993260244,0,
440,Bloque95138_noCC,95138**,1753993261244,0,
441,Bloque95139,+3495139**,1753993262244,0,
442,Bloque95139_noCC,95139**,1753993263244,0,
443,Bloque95140,+3495140**,1753993264244,0,
444,Bloque95140_noCC,95140**,1753993265244,0,
445,Bloque95143,+3495143**,1753993266244,0,
446,Bloque95143_noCC,95143**,1753993267244,0,
447,Bloque95146,+3495146**,1753993268244,0,
448,Bloque95146_noCC,95146**,1753993269244,0,
449,Bloque95149,+3495149**,1753993270244,0,
450,Bloque95149_noCC,95149**,1753993271244,0,
451,Bloque95153,+3495153**,1753993272244,0,
452,Bloque95153_noCC,95153**,1753993273244,0,
453,Bloque95154,+3495154**,1753993274244,0,
454,Bloque95154_noCC,95154**,1753993275244,0,
455,Bloque95162,+3495162**,1753993276244,0,
456,Bloque95162_noCC,95162**,1753993277244,0,
457,Bloque95167,+3495167**,1753993278244,0,
458,Bloque95167_noCC,95167**,1753993279244,0,
459,Bloque95171,+3495171**,1753993280244,0,
460,Bloque95171_noCC,95171**,1753993281244,0,
461,Bloque95172,+3495172**,1753993282244,0,
462,Bloque95172_noCC,95172**,1753993283244,0,
463,Bloque95304,+3495304**,1753993284244,0,
464,Bloque95304_noCC,95304**,1753993285244,0,
465,Bloque95307,+3495307**,1753993286244,0,
466,Bloque95307_noCC,95307**,1753993287244,0,
467,Bloque95381,+3495381**,1753993288244,0,
468,Bloque95381_noCC,95381**,1753993289244,0,
469,Bloque95382,+3495382**,1753993290244,0,
470,Bloque95382_noCC,95382**,1753993291244,0,
471,Bloque95389,+3495389**,1753993292244,0,
472,Bloque95389_noCC,95389**,1753993293244,0,
473,Bloque95392,+3495392**,1753993294244,0,
474,Bloque95392_noCC,95392**,1753993295244,0,
475,Bloque95402,+3495402**,1753993296244,0,
476,Bloque95402_noCC,95402**,1753993297244,0,
477,Bloque95404,+3495404**,1753993298244,0,
478,Bloque95404_noCC,95404**,1753993299244,0,
479,Bloque95432,+3495432**,1753993300244,0,
480,Bloque95432_noCC,95432**,1753993301244,0,
481,Bloque95519,+3495519**,1753993302244,0,
482,Bloque95519_noCC,95519**,1753993303244,0,
483,Bloque95522,+3495522**,1753993304244,0,
484,Bloque95522_noCC,95522**,1753993305244,0,
485,Bloque95523,+3495523**,1753993306244,0,
486,Bloque95523_noCC,95523**,1753993307244,0,
487,Bloque95527,+3495527**,1753993308244,0,
488,Bloque95527_noCC,95527**,1753993309244,0,
489,Bloque95528,+3495528**,1753993310244,0,
490,Bloque95528_noCC,95528**,1753993311244,0,
491,Bloque95529,+3495529**,1753993312244,0,
492,Bloque95529_noCC,95529**,1753993313244,0,
493,Bloque95531,+3495531**,1753993314244,0,
494,Bloque95531_noCC,95531**,1753993315244,0,
495,Bloque95532,+3495532**,1753993316244,0,
496,Bloque95532_noCC,95532**,1753993317244,0,
497,Bloque95538,+3495538**,1753993318244,0,
498,Bloque95538_noCC,95538**,1753993319244,0,
499,Bloque95552,+3495552**,1753993320244,0,
500,Bloque95552_noCC,95552**,1753993321244,0,
501,Bloque95611,+3495611**,1753993322244,0,
502,Bloque95611_noCC,95611**,1753993323244,0,
503,Bloque95692,+3495692**,1753993324244,0,
504,Bloque95692_noCC,95692**,1753993325244,0,
505,Bloque95697,+3495697**,1753993326244,0,
506,Bloque95697_noCC,95697**,1753993327244,0,
507,Bloque95704,+3495704**,1753993328244,0,
508,Bloque95704_noCC,95704**,1753993329244,0,
509,Bloque95778,+3495778**,1753993330244,0,
510,Bloque95778_noCC,95778**,1753993331244,0,
511,Bloque95784,+3495784**,1753993332244,0,
512,Bloque95784_noCC,95784**,1753993333244,0,
513,Bloque95796,+3495796**,1753993334244,0,
514,Bloque95796_noCC,95796**,1753993335244,0,
515,Bloque95804,+3495804**,1753993336244,0,
516,Bloque95804_noCC,95804**,1753993337244,0,
517,Bloque95807,+3495807**,1753993338244,0,
518,Bloque95807_noCC,95807**,1753993339244,0,
519,Bloque95896,+3495896**,1753993340244,0,
520,Bloque95896_noCC,95896**,1753993341244,0,
521,Bloque95899,+3495899**,1753993342244,0,
522,Bloque95899_noCC,95899**,1753993343244,0,
523,Bloque95904,+3495904**,1753993344244,0,
524,Bloque95904_noCC,95904**,1753993345244,0,
525,Bloque95961,+3495961**,1753993346244,0,
526,Bloque95961_noCC,95961**,1753993347244,0,
527,Bloque95973,+3495973**,1753993348244,0,
528,Bloque95973_noCC,95973**,1753993349244,0,
529,Bloque95983,+3495983**,1753993350244,0,
530,Bloque95983_noCC,95983**,1753993351244,0,
531,Bloque95987,+3495987**,1753993352244,0,
532,Bloque95987_noCC,95987**,1753993353244,0,
533,Bloque96003,+3496003**,1753993354244,0,
534,Bloque96003_noCC,96003**,1753993355244,0,
535,Bloque96004,+3496004**,1753993356244,0,
536,Bloque96004_noCC,96004**,1753993357244,0,
537,Bloque96005,+3496005**,1753993358244,0,
538,Bloque96005_noCC,96005**,1753993359244,0,
539,Bloque96006,+3496006**,1753993360244,0,
540,Bloque96006_noCC,96006**,1753993361244,0,
541,Bloque96007,+3496007**,1753993362244,0,
542,Bloque96007_noCC,96007**,1753993363244,0,
543,Bloque96008,+3496008**,1753993364244,0,
544,Bloque96008_noCC,96008**,1753993365244,0,
545,Bloque96009,+3496009**,1753993366244,0,
546,Bloque96009_noCC,96009**,1753993367244,0,
547,Bloque96017,+3496017**,1753993368244,0,
548,Bloque96017_noCC,96017**,1753993369244,0,
549,Bloque96019,+3496019**,1753993370244,0,
550,Bloque96019_noCC,96019**,1753993371244,0,
551,Bloque96021,+3496021**,1753993372244,0,
552,Bloque96021_noCC,96021**,1753993373244,0,
553,Bloque96022,+3496022**,1753993374244,0,
554,Bloque96022_noCC,96022**,1753993375244,0,
555,Bloque96023,+3496023**,1753993376244,0,
556,Bloque96023_noCC,96023**,1753993377244,0,
557,Bloque96024,+3496024**,1753993378244,0,
558,Bloque96024_noCC,96024**,1753993379244,0,
559,Bloque96028,+3496028**,1753993380244,0,
560,Bloque96028_noCC,96028**,1753993381244,0,
561,Bloque96062,+3496062**,1753993382244,0,
562,Bloque96062_noCC,96062**,1753993383244,0,
563,Bloque96063,+3496063**,1753993384244,0,
564,Bloque96063_noCC,96063**,1753993385244,0,
565,Bloque96064,+3496064**,1753993386244,0,
566,Bloque96064_noCC,96064**,1753993387244,0,
567,Bloque96065,+3496065**,1753993388244,0,
568,Bloque96065_noCC,96065**,1753993389244,0,
569,Bloque96071,+3496071**,1753993390244,0,
570,Bloque96071_noCC,96071**,1753993391244,0,
571,Bloque96072,+3496072**,1753993392244,0,
572,Bloque96072_noCC,96072**,1753993393244,0,
573,Bloque96104,+3496104**,1753993394244,0,
574,Bloque96104_noCC,96104**,1753993395244,0,
575,Bloque96105,+3496105**,1753993396244,0,
576,Bloque96105_noCC,96105**,1753993397244,0,
577,Bloque96106,+3496106**,1753993398244,0,
578,Bloque96106_noCC,96106**,1753993399244,0,
579,Bloque96112,+3496112**,1753993400244,0,
580,Bloque96112_noCC,96112**,1753993401244,0,
581,Bloque96113,+3496113**,1753993402244,0,
582,Bloque96113_noCC,96113**,1753993403244,0,
583,Bloque96114,+3496114**,1753993404244,0,
584,Bloque96114_noCC,96114**,1753993405244,0,
585,Bloque96115,+3496115**,1753993406244,0,
586,Bloque96115_noCC,96115**,1753993407244,0,
587,Bloque96119,+3496119**,1753993408244,0,
588,Bloque96119_noCC,96119**,1753993409244,0,
589,Bloque96404,+3496404**,1753993410244,0,
590,Bloque96404_noCC,96404**,1753993411244,0,
591,Bloque96474,+3496474**,1753993412244,0,
592,Bloque96474_noCC,96474**,1753993413244,0,
593,Bloque96478,+3496478**,1753993414244,0,
594,Bloque96478_noCC,96478**,1753993415244,0,
595,Bloque96484,+3496484**,1753993416244,0,
596,Bloque96484_noCC,96484**,1753993417244,0,
597,Bloque96486,+3496486**,1753993418244,0,
598,Bloque96486_noCC,96486**,1753993419244,0,
599,Bloque96492,+3496492**,1753993420244,0,
600,Bloque96492_noCC,96492**,1753993421244,0,
601,Bloque96503,+3496503**,1753993422244,0,
602,Bloque96503_noCC,96503**,1753993423244,0,
603,Bloque96504,+3496504**,1753993424244,0,
604,Bloque96504_noCC,96504**,1753993425244,0,
605,Bloque96506,+3496506**,1753993426244,0,
606,Bloque96506_noCC,96506**,1753993427244,0,
607,Bloque96599,+3496599**,1753993428244,0,
608,Bloque96599_noCC,96599**,1753993429244,0,
609,Bloque96617,+3496617**,1753993430244,0,
610,Bloque96617_noCC,96617**,1753993431244,0,
611,Bloque96623,+3496623**,1753993432244,0,
612,Bloque96623_noCC,96623**,1753993433244,0,
613,Bloque96626,+3496626**,1753993434244,0,
614,Bloque96626_noCC,96626**,1753993435244,0,
615,Bloque96627,+3496627**,1753993436244,0,
616,Bloque96627_noCC,96627**,1753993437244,0,
617,Bloque96693,+3496693**,1753993438244,0,
618,Bloque96693_noCC,96693**,1753993439244,0,
619,Bloque96704,+3496704**,1753993440244,0,
620,Bloque96704_noCC,96704**,1753993441244,0,
621,Bloque96770,+3496770**,1753993442244,0,
622,Bloque96770_noCC,96770**,1753993443244,0,
623,Bloque96781,+3496781**,1753993444244,0,
624,Bloque96781_noCC,96781**,1753993445244,0,
625,Bloque96791,+3496791**,1753993446244,0,
626,Bloque96791_noCC,96791**,1753993447244,0,
627,Bloque96796,+3496796**,1753993448244,0,
628,Bloque96796_noCC,96796**,1753993449244,0,
629,Bloque96799,+3496799**,1753993450244,0,
630,Bloque96799_noCC,96799**,1753993451244,0,
631,Bloque96807,+3496807**,1753993452244,0,
632,Bloque96807_noCC,96807**,1753993453244,0,
633,Bloque96894,+3496894**,1753993454244,0,
634,Bloque96894_noCC,96894**,1753993455244,0,
635,Bloque96897,+3496897**,1753993456244,0,
636,Bloque96897_noCC,96897**,1753993457244,0,
637,Bloque96904,+3496904**,1753993458244,0,
638,Bloque96904_noCC,96904**,1753993459244,0,
639,Bloque96916,+3496916**,1753993460244,0,
640,Bloque96916_noCC,96916**,1753993461244,0,
641,Bloque96946,+3496946**,1753993462244,0,
642,Bloque96946_noCC,96946**,1753993463244,0,
643,Bloque96970,+3496970**,1753993464244,0,
644,Bloque96970_noCC,96970**,1753993465244,0,
645,Bloque96987,+3496987**,1753993466244,0,
646,Bloque96987_noCC,96987**,1753993467244,0,
647,Bloque97109,+3497109**,1753993468244,0,
648,Bloque97109_noCC,97109**,1753993469244,0,
649,Bloque97157,+3497157**,1753993470244,0,
650,Bloque97157_noCC,97157**,1753993471244,0,
651,Bloque97196,+3497196**,1753993472244,0,
652,Bloque97196_noCC,97196**,1753993473244,0,
653,Bloque97209,+3497209**,1753993474244,0,
654,Bloque97209_noCC,97209**,1753993475244,0,
655,Bloque97294,+3497294**,1753993476244,0,
656,Bloque97294_noCC,97294**,1753993477244,0,
657,Bloque97298,+3497298**,1753993478244,0,
658,Bloque97298_noCC,97298**,1753993479244,0,
659,Bloque97303,+3497303**,1753993480244,0,
660,Bloque97303_noCC,97303**,1753993481244,0,
661,Bloque97304,+3497304**,1753993482244,0,
662,Bloque97304_noCC,97304**,1753993483244,0,
663,Bloque97380,+3497380**,1753993484244,0,
664,Bloque97380_noCC,97380**,1753993485244,0,
665,Bloque97391,+3497391**,1753993486244,0,
666,Bloque97391_noCC,97391**,1753993487244,0,
667,Bloque97392,+3497392**,1753993488244,0,
668,Bloque97392_noCC,97392**,1753993489244,0,
669,Bloque97398,+3497398**,1753993490244,0,
670,Bloque97398_noCC,97398**,1753993491244,0,
671,Bloque97404,+3497404**,1753993492244,0,
672,Bloque97404_noCC,97404**,1753993493244,0,
673,Bloque97416,+3497416**,1753993494244,0,
674,Bloque97416_noCC,97416**,1753993495244,0,
675,Bloque97456,+3497456**,1753993496244,0,
676,Bloque97456_noCC,97456**,1753993497244,0,
677,Bloque97458,+3497458**,1753993498244,0,
678,Bloque97458_noCC,97458**,1753993499244,0,
679,Bloque97471,+3497471**,1753993500244,0,
680,Bloque97471_noCC,97471**,1753993501244,0,
681,Bloque97499,+3497499**,1753993502244,0,
682,Bloque97499_noCC,97499**,1753993503244,0,
683,Bloque97504,+3497504**,1753993504244,0,
684,Bloque97504_noCC,97504**,1753993505244,0,
685,Bloque97541,+3497541**,1753993506244,0,
686,Bloque97541_noCC,97541**,1753993507244,0,
687,Bloque97566,+3497566**,1753993508244,0,
688,Bloque97566_noCC,97566**,1753993509244,0,
689,Bloque97567,+3497567**,1753993510244,0,
690,Bloque97567_noCC,97567**,1753993511244,0,
691,Bloque97570,+3497570**,1753993512244,0,
692,Bloque97570_noCC,97570**,1753993513244,0,
693,Bloque97624,+3497624**,1753993514244,0,
694,Bloque97624_noCC,97624**,1753993515244,0,
695,Bloque97636,+3497636**,1753993516244,0,
696,Bloque97636_noCC,97636**,1753993517244,0,
697,Bloque97692,+3497692**,1753993518244,0,
698,Bloque97692_noCC,97692**,1753993519244,0,
699,Bloque97696,+3497696**,1753993520244,0,
700,Bloque97696_noCC,97696**,1753993521244,0,
701,Bloque97707,+3497707**,1753993522244,0,
702,Bloque97707_noCC,97707**,1753993523244,0,
703,Bloque97727,+3497727**,1753993524244,0,
704,Bloque97727_noCC,97727**,1753993525244,0,
705,Bloque97728,+3497728**,1753993526244,0,
706,Bloque97728_noCC,97728**,1753993527244,0,
707,Bloque97791,+3497791**,1753993528244,0,
708,Bloque97791_noCC,97791**,1753993529244,0,
709,Bloque97792,+3497792**,1753993530244,0,
710,Bloque97792_noCC,97792**,1753993531244,0,
711,Bloque97804,+3497804**,1753993532244,0,
712,Bloque97804_noCC,97804**,1753993533244,0,
713,Bloque97808,+3497808**,1753993534244,0,
714,Bloque97808_noCC,97808**,1753993535244,0,
715,Bloque97816,+3497816**,1753993536244,0,
716,Bloque97816_noCC,97816**,1753993537244,0,
717,Bloque97879,+3497879**,1753993538244,0,
718,Bloque97879_noCC,97879**,1753993539244,0,
719,Bloque97895,+3497895**,1753993540244,0,
720,Bloque97895_noCC,97895**,1753993541244,0,
721,Bloque97904,+3497904**,1753993542244,0,
722,Bloque97904_noCC,97904**,1753993543244,0,
723,Bloque97907,+3497907**,1753993544244,0,
724,Bloque97907_noCC,97907**,1753993545244,0,
725,Bloque97926,+3497926**,1753993546244,0,
726,Bloque97926_noCC,97926**,1753993547244,0,
727,Bloque97961,+3497961**,1753993548244,0,
728,Bloque97961_noCC,97961**,1753993549244,0,
729,Bloque97969,+3497969**,1753993550244,0,
730,Bloque97969_noCC,97969**,1753993551244,0,
731,Bloque98004,+3498004**,1753993552244,0,
732,Bloque98004_noCC,98004**,1753993553244,0,
733,Bloque98031,+3498031**,1753993554244,0,
734,Bloque98031_noCC,98031**,1753993555244,0,
735,Bloque98070,+3498070**,1753993556244,0,
736,Bloque98070_noCC,98070**,1753993557244,0,
737,Bloque98098,+3498098**,1753993558244,0,
738,Bloque98098_noCC,98098**,1753993559244,0,
739,Bloque98107,+3498107**,1753993560244,0,
740,Bloque98107_noCC,98107**,1753993561244,0,
741,Bloque98204,+3498204**,1753993562244,0,
742,Bloque98204_noCC,98204**,1753993563244,0,
743,Bloque98247,+3498247**,1753993564244,0,
744,Bloque98247_noCC,98247**,1753993565244,0,
745,Bloque98267,+3498267**,1753993566244,0,
746,Bloque98267_noCC,98267**,1753993567244,0,
747,Bloque98270,+3498270**,1753993568244,0,
748,Bloque98270_noCC,98270**,1753993569244,0,
749,Bloque98298,+3498298**,1753993570244,0,
750,Bloque98298_noCC,98298**,1753993571244,0,
751,Bloque98304,+3498304**,1753993572244,0,
752,Bloque98304_noCC,98304**,1753993573244,0,
753,Bloque98307,+3498307**,1753993574244,0,
754,Bloque98307_noCC,98307**,1753993575244,0,
755,Bloque98308,+3498308**,1753993576244,0,
756,Bloque98308_noCC,98308**,1753993577244,0,
757,Bloque98316,+3498316**,1753993578244,0,
758,Bloque98316_noCC,98316**,1753993579244,0,
759,Bloque98344,+3498344**,1753993580244,0,
760,Bloque98344_noCC,98344**,1753993581244,0,
761,Bloque98384,+3498384**,1753993582244,0,
762,Bloque98384_noCC,98384**,1753993583244,0,
763,Bloque98404,+3498404**,1753993584244,0,
764,Bloque98404_noCC,98404**,1753993585244,0,
765,Bloque98406,+3498406**,1753993586244,0,
766,Bloque98406_noCC,98406**,1753993587244,0,
767,Bloque98407,+3498407**,1753993588244,0,
768,Bloque98407_noCC,98407**,1753993589244,0,
769,Bloque98420,+3498420**,1753993590244,0,
770,Bloque98420_noCC,98420**,1753993591244,0,
771,Bloque98423,+3498423**,1753993592244,0,
772,Bloque98423_noCC,98423**,1753993593244,0,
773,Bloque98424,+3498424**,1753993594244,0,
774,Bloque98424_noCC,98424**,1753993595244,0,
775,Bloque98432,+3498432**,1753993596244,0,
776,Bloque98432_noCC,98432**,1753993597244,0,
777,Bloque98470,+3498470**,1753993598244,0,
778,Bloque98470_noCC,98470**,1753993599244,0,
779,Bloque98499,+3498499**,1753993600244,0,
780,Bloque98499_noCC,98499**,1753993601244,0,
781,Bloque98607,+3498607**,1753993602244,0,
782,Bloque98607_noCC,98607**,1753993603244,0,
783,Bloque98616,+3498616**,1753993604244,0,
784,Bloque98616_noCC,98616**,1753993605244,0,
785,Bloque98617,+3498617**,1753993606244,0,
786,Bloque98617_noCC,98617**,1753993607244,0,
787,Bloque98704,+3498704**,1753993608244,0,
788,Bloque98704_noCC,98704**,1753993609244,0,
789,Bloque98718,+3498718**,1753993610244,0,
790,Bloque98718_noCC,98718**,1753993611244,0,
791,Bloque98772,+3498772**,1753993612244,0,
792,Bloque98772_noCC,98772**,1753993613244,0,
793,Bloque98779,+3498779**,1753993614244,0,
794,Bloque98779_noCC,98779**,1753993615244,0,
795,Bloque98791,+3498791**,1753993616244,0,
796,Bloque98791_noCC,98791**,1753993617244,0,
797,Bloque98795,+3498795**,1753993618244,0,
798,Bloque98795_noCC,98795**,1753993619244,0,
799,Bloque98804,+3498804**,1753993620244,0,
800,Bloque98804_noCC,98804**,1753993621244,0,
801,Bloque98864,+3498864**,1753993622244,0,
802,Bloque98864_noCC,98864**,1753993623244,0,
803,Bloque98870,+3498870**,1753993624244,0,
804,Bloque98870_noCC,98870**,1753993625244,0,
805,Bloque98898,+3498898**,1753993626244,0,
806,Bloque98898_noCC,98898**,1753993627244,0,
